address,balance_eth
0xd8dA6BF26964aF9D7eEd9e03E53415D37aA96045,5.378516755868755439
0x6dD91BdaB368282dc4Ea4f4beFc831b78a7C38C0,0.013661362578655439
0xd8dA6BF26964aF9D7eEd9e03E53415D37aA96045,5.378516755868755439
this-is-not-a-valid-address,Error
